{
  "old": {
    "name": "Old Implementation",
    "total_time": 35.977060079574585,
    "generations": 50,
    "best_fitness_curve": [
      -8.136333465576172,
      -8.136333465576172,
      -8.136333465576172,
      -8.136333465576172,
      -8.136333465576172,
      -8.136333465576172,
      -8.136333465576172,
      -8.136333465576172,
      -8.136333465576172,
      -8.136333465576172,
      -8.136333465576172,
      -8.136333465576172,
      -8.136333465576172,
      -8.136333465576172,
      -8.136333465576172,
      -8.136333465576172,
      -8.136333465576172,
      -8.136333465576172,
      -8.136333465576172,
      -8.136333465576172,
      -8.136333465576172,
      -8.136333465576172,
      -8.136333465576172,
      -8.136333465576172,
      -8.136333465576172,
      -8.136333465576172,
      -8.136333465576172,
      -8.136333465576172,
      -8.136333465576172,
      -8.136333465576172,
      -8.136333465576172,
      -8.136333465576172,
      -8.136333465576172,
      -8.136333465576172,
      -8.136333465576172,
      -8.136333465576172,
      -8.136333465576172,
      -8.136333465576172,
      -8.136333465576172,
      -7.5363335609436035,
      -7.470666885375977,
      -7.470666885375977,
      -7.470666885375977,
      -7.470666885375977,
      -7.470666885375977,
      -7.470666885375977,
      -7.136333465576172,
      -7.136333465576172,
      -7.136333465576172,
      -7.136333465576172
    ],
    "mean_fitness_curve": [
      -19.8072452545166,
      -18.203819274902344,
      -17.335805892944336,
      -16.88109016418457,
      -16.785072326660156,
      -16.805789947509766,
      -16.758914947509766,
      -16.783035278320312,
      -16.665002822875977,
      -16.717256546020508,
      -16.677431106567383,
      -16.750314712524414,
      -16.69713020324707,
      -16.761127471923828,
      -17.1409969329834,
      -16.88960075378418,
      -16.872793197631836,
      -17.033809661865234,
      -17.241172790527344,
      -17.23772621154785,
      -17.470699310302734,
      -17.202199935913086,
      -17.46935272216797,
      -17.473724365234375,
      -17.686086654663086,
      -17.727413177490234,
      -17.842041015625,
      -17.933443069458008,
      -18.227500915527344,
      -18.007823944091797,
      -18.037960052490234,
      -18.14714241027832,
      -18.264739990234375,
      -18.08634376525879,
      -18.065671920776367,
      -18.178390502929688,
      -18.028593063354492,
      -18.37331199645996,
      -18.3493709564209,
      -18.405698776245117,
      -18.5690975189209,
      -18.095245361328125,
      -18.422300338745117,
      -18.352954864501953,
      -18.483245849609375,
      -18.605777740478516,
      -18.488706588745117,
      -18.552865982055664,
      -18.741355895996094,
      -18.497661590576172
    ],
    "final_accuracy": 0.1,
    "convergence_generation": null,
    "time_per_generation": 0.7195412015914917,
    "success": true
  },
  "new": {
    "name": "New Implementation",
    "total_time": 48.043840169906616,
    "generations": 50,
    "best_fitness_curve": [
      -12.385000228881836,
      -7.784999847412109,
      -7.784999847412109,
      -7.546666622161865,
      -7.546666622161865,
      -7.546666622161865,
      -7.546666622161865,
      -5.988333225250244,
      -5.988333225250244,
      -5.988333225250244,
      -5.988333225250244,
      -5.988333225250244,
      -5.988333225250244,
      -5.988333225250244,
      -5.988333225250244,
      -5.988333225250244,
      -5.988333225250244,
      -5.988333225250244,
      -4.916666507720947,
      -4.916666507720947,
      -4.916666507720947,
      -4.916666507720947,
      -4.916666507720947,
      -4.916666507720947,
      -2.5266666412353516,
      -2.5266666412353516,
      -2.5266666412353516,
      -2.5266666412353516,
      -2.5266666412353516,
      -2.5266666412353516,
      -2.5266666412353516,
      -2.5266666412353516,
      -2.5266666412353516,
      -1.850000023841858,
      -1.850000023841858,
      -1.850000023841858,
      -1.850000023841858,
      -1.850000023841858,
      -1.850000023841858,
      -1.850000023841858,
      -1.850000023841858,
      -1.850000023841858,
      -1.850000023841858,
      -1.7166666984558105,
      -1.7166666984558105,
      -1.7166666984558105,
      -1.7166666984558105,
      -1.7166666984558105,
      -1.7166666984558105,
      -1.7166666984558105
    ],
    "mean_fitness_curve": [
      -19.13869285583496,
      -17.98237419128418,
      -17.884836196899414,
      -17.850276947021484,
      -17.64725685119629,
      -17.489530563354492,
      -17.444686889648438,
      -17.20747184753418,
      -17.219160079956055,
      -17.081390380859375,
      -17.389549255371094,
      -17.13575553894043,
      -17.211877822875977,
      -17.235944747924805,
      -17.1384334564209,
      -16.988677978515625,
      -17.19819450378418,
      -17.32963752746582,
      -17.269241333007812,
      -17.417905807495117,
      -17.48068618774414,
      -17.6202392578125,
      -17.47108268737793,
      -17.680660247802734,
      -17.667375564575195,
      -17.695207595825195,
      -17.66254425048828,
      -17.92222785949707,
      -17.848831176757812,
      -17.931865692138672,
      -17.74856948852539,
      -17.71101188659668,
      -17.74904441833496,
      -17.946569442749023,
      -17.927738189697266,
      -17.922409057617188,
      -18.13249397277832,
      -18.037010192871094,
      -17.898839950561523,
      -18.104772567749023,
      -17.99603843688965,
      -17.9847469329834,
      -18.093969345092773,
      -17.903474807739258,
      -18.151718139648438,
      -17.957544326782227,
      -17.99860191345215,
      -18.013036727905273,
      -17.931180953979492,
      -17.952842712402344
    ],
    "final_accuracy": 0.16666666666666666,
    "convergence_generation": null,
    "time_per_generation": 0.9608768033981323,
    "success": true
  }
}