{
  "old": {
    "name": "Old Implementation",
    "total_time": 2.619110107421875,
    "generations": 20,
    "best_fitness_curve": [
      -15.438333511352539,
      -15.102999687194824,
      -15.102999687194824,
      -15.102999687194824,
      -13.404000282287598,
      -13.404000282287598,
      -13.404000282287598,
      -12.70300006866455,
      -12.70300006866455,
      -12.70300006866455,
      -12.70300006866455,
      -12.70300006866455,
      -12.70300006866455,
      -12.70300006866455,
      -11.435333251953125,
      -11.435333251953125,
      -11.435333251953125,
      -11.435333251953125,
      -11.435333251953125,
      -11.10200023651123
    ],
    "mean_fitness_curve": [
      -19.943119049072266,
      -17.82099151611328,
      -17.264413833618164,
      -16.87994384765625,
      -16.65398597717285,
      -16.780118942260742,
      -16.692157745361328,
      -16.63833236694336,
      -16.792999267578125,
      -16.91965675354004,
      -16.85169792175293,
      -16.588491439819336,
      -16.897037506103516,
      -16.681917190551758,
      -17.069496154785156,
      -17.147043228149414,
      -17.060321807861328,
      -17.241901397705078,
      -17.438261032104492,
      -17.074941635131836
    ],
    "final_accuracy": 0.03333333333333333,
    "convergence_generation": null,
    "time_per_generation": 0.13095550537109374,
    "success": true
  },
  "new": {
    "name": "New Implementation",
    "total_time": 21.993637800216675,
    "generations": 20,
    "best_fitness_curve": [
      -15.484999656677246,
      -15.46500015258789,
      -15.46500015258789,
      -15.460000038146973,
      -15.460000038146973,
      -15.454999923706055,
      -15.454999923706055,
      -15.449999809265137,
      -15.449999809265137,
      -15.449999809265137,
      -15.449999809265137,
      -15.449999809265137,
      -15.449999809265137,
      -15.449999809265137,
      -15.449999809265137,
      -15.449999809265137,
      -15.449999809265137,
      -15.449999809265137,
      -15.449999809265137,
      -15.449999809265137
    ],
    "mean_fitness_curve": [
      -26.09449577331543,
      -23.123563766479492,
      -22.081911087036133,
      -21.963409423828125,
      -21.845476150512695,
      -21.414018630981445,
      -21.477394104003906,
      -21.491832733154297,
      -21.407129287719727,
      -21.256914138793945,
      -21.057113647460938,
      -21.105308532714844,
      -20.823034286499023,
      -20.311080932617188,
      -20.260866165161133,
      -19.38596534729004,
      -19.53394317626953,
      -19.566856384277344,
      -19.517749786376953,
      -19.054954528808594
    ],
    "final_accuracy": 0.0,
    "convergence_generation": null,
    "time_per_generation": 1.0996818900108338,
    "success": true
  }
}